Date,Clicks,Impressions,CTR,Position
2026-08-09,6,23,0.2609,3.8
2026-08-10,10,37,0.2703,6.9
2026-08-11,1,11,0.0909,4.9
2026-08-12,1,33,0.030299999999999997,16.8
2026-08-13,2,20,0.1,11.4
2026-08-14,3,27,0.11109999999999999,11.1
2026-08-15,2,29,0.069,8
2026-08-16,2,32,0.0625,13.9
2026-08-17,5,43,0.11630000000000001,14
2026-08-18,8,60,0.1333,7.4
2026-08-19,2,52,0.0385,9.8
2026-08-20,3,41,0.0732,8.9
2026-08-21,2,46,0.0435,9.2
2026-08-22,3,53,0.056600000000000004,8.9
2026-08-23,1,89,0.011200000000000002,8.6
2026-08-24,4,110,0.0364,8.8
2026-08-25,15,144,0.1042,7.7
2026-08-26,11,216,0.0509,9.2
2026-08-27,5,218,0.0229,8.4
2026-08-28,5,267,0.0187,7.3
2026-08-29,8,243,0.0329,8
2026-08-30,8,279,0.0287,8.1
2026-08-31,12,354,0.0339,7.8
2026-09-01,5,338,0.0148,7.4
2026-09-02,7,338,0.0207,7.4
2026-09-03,9,312,0.0288,6.9
2026-09-04,22,378,0.0582,6.6
2026-09-05,14,336,0.0417,6.2
2026-09-06,9,332,0.0271,7
2026-09-07,5,299,0.0167,7.3
2026-09-08,6,306,0.0196,6.7
2026-09-09,11,387,0.028399999999999998,7.2
2026-09-10,10,392,0.0255,5.9
2026-09-11,10,402,0.024900000000000002,6.8
2026-09-12,11,345,0.0319,6.4
2026-09-13,17,391,0.0435,7.3
2026-09-14,6,405,0.0148,7
2026-09-15,6,412,0.0146,6.8
2026-09-16,17,485,0.0351,6.3
2026-09-17,13,354,0.036699999999999997,5.7
2026-09-18,8,354,0.0226,7.1
2026-09-19,12,344,0.0349,7.3
2026-09-20,11,330,0.0333,6.2
2026-09-21,12,355,0.0338,6
2026-09-22,8,361,0.0222,5.9
2026-09-23,15,347,0.0432,5.3
2026-09-24,12,377,0.0318,6
