Query,Clicks,Impressions,CTR,Position
xl satu solo,42,111,0.3784,2.03
xl satu sukoharjo,4,9,0.44439999999999996,1.89
internet rakyat solo,3,179,0.0168,8.25
fup xl satu,3,85,0.0353,8.64
wifi karanganyar,2,32,0.0625,9.41
wifi murah karanganyar,2,21,0.095199999999999993,9.33
250 mbps untuk berapa orang,1,123,0.0081000000000000013,5.1
wifi 250 mbps untuk berapa orang,1,63,0.0159,4.4
400 mbps untuk berapa orang,1,47,0.0213,4.15
250 mbps,1,42,0.023799999999999998,6.55
xl satu fup,1,26,0.0385,10.38
wifi solo,1,26,0.0385,10.77
berapa mbps wifi untuk 5 orang,1,22,0.0455,13.23
wifi murah boyolali,1,15,0.0667,10.2
provider wifi yang tersedia di daerah saya,1,11,0.0909,4.45
colomadu,1,2,0.5,5.5
kantor internet rakyat di solo,1,2,0.5,5.5
internet rakyat,1,2,0.5,7.5
ok,1,1,1,1
provider wifi tanpa fup,1,1,1,1
web nya aja,1,1,1,1
provider lain,1,1,1,10
apakah xl satu ada fup,0,85,0,9.07
250 mbps apakah cepat,0,81,0,8.42
250mbps apakah cepat,0,42,0,8.02
xl satu apakah ada fup,0,37,0,9.03
fup xl satu fwa,0,36,0,5.67
internet rakyat area solo,0,30,0,8.7
xl satu ada fup atau tidak,0,28,0,9.25
wifi 400 mbps untuk berapa orang,0,26,0,4
apakah wifi xl satu ada fup,0,26,0,9.42
wifi rakyat solo,0,19,0,8.42
xl satu fwa fup,0,19,0,8.68
apakah wifi xl ada fup,0,18,0,9
400 mbps apakah cepat,0,15,0,9.53
wifi 25 mbps untuk berapa orang,0,14,0,8.93
250 mbps berapa mbps,0,13,0,5.62
wifi 1000 mbps untuk berapa orang,0,13,0,8
apakah 250 mbps itu cepat,0,13,0,9
berapa mbps wifi untuk 4 orang,0,13,0,9.85
apakah 75 mbps cukup untuk berapa orang,0,13,0,10
100 mbps untuk berapa orang,0,13,0,10.08
xl satu vs myrepublic,0,12,0,4.83
pasang wifi karanganyar,0,12,0,6.75
25 mbps untuk berapa orang,0,12,0,11.83
250mbps berapa mbps,0,11,0,6.73
wifi 250 mbps apakah cepat,0,11,0,7.36
fwa xl satu,0,11,0,12.45
pasang wifi terdekat murah,0,10,0,7.6
250mbps,0,9,0,5.11
pasang wifi terdekat dari lokasi saya,0,9,0,9.11
berapa fup xl satu,0,9,0,9.22
wifi untuk 4 orang berapa mbps,0,9,0,9.56
pasang wifi terdekat,0,9,0,9.67
kecepatan wifi 100 mbps untuk berapa orang,0,9,0,12
wifi 100 mbps untuk berapa orang,0,8,0,10.38
350 mbps untuk berapa orang,0,7,0,4.57
kantor xl satu terdekat,0,7,0,4.71
pasang wifi,0,7,0,6.86
wifi di solo,0,6,0,6
wifi untuk 2 orang berapa mbps,0,6,0,8.17
1000 mbps untuk berapa orang,0,6,0,9.67
berapa mbps wifi untuk 2 orang,0,6,0,10.33
xl satu fwa,0,6,0,32.5
biaya isp solo,0,6,0,36.67
ya,0,5,0,2.6
100 mbps,0,5,0,5.8
wifi kos,0,5,0,6.4
kecepatan wifi 72 mbps untuk berapa orang,0,5,0,7.2
wifi untuk 3 orang berapa mbps,0,5,0,7.2
berapa mbps wifi untuk 3 orang,0,5,0,9.8
kecepatan internet 200 mbps untuk berapa orang,0,5,0,9.8
wifi 60 mbps untuk berapa orang,0,5,0,10.2
wifi 100mbps untuk berapa orang,0,5,0,10.8
xl solo,0,5,0,12.8
solo xl,0,5,0,55.6
wifi untuk 5 orang berapa mbps,0,4,0,6.25
wifi xl 100 mbps untuk berapa orang,0,4,0,6.25
internet rakyat surakarta,0,4,0,7
agen wifi terdekat,0,4,0,7.75
25 mbps,0,4,0,9.25
wifi 72 mbps untuk berapa orang,0,4,0,9.5
kecepatan wifi 200 mbps untuk berapa orang,0,4,0,9.75
wifi murah klaten,0,4,0,26.25
xl satu terdekat,0,3,0,1
xl,0,3,0,3
xl satu fiber,0,3,0,3
solo,0,3,0,4.33
my republic vs xl satu,0,3,0,5
bagaimana dengan xl,0,3,0,6.33
pasang internet terdekat,0,3,0,6.33
kecepatan wifi 75 mbps untuk berapa orang,0,3,0,8.67
fup wifi xl,0,3,0,9.67
internet rakyat karanganyar,0,3,0,9.67
100 mbps cukup untuk berapa orang,0,3,0,10.67
pemasangan wifi terdekat,0,3,0,11.33
internet klaten,0,3,0,14.33
pasang xl satu,0,3,0,18.67
wifi 200 mbps untuk berapa orang,0,3,0,23.67
wifi boyolali,0,3,0,23.67
pasang wifi murah solo,0,3,0,38
xlsmart,0,3,0,48
aplikasi merchant bca,0,3,0,109
